{
    "rmse": 0.6671697678877795,
    "mae": 0.5214540715486988,
    "r2": 0.27061587492821815
}