{
    "rmse": 0.7448867576217166,
    "mae": 0.5815397620019082,
    "r2": 0.22882783225186643
}